motif_id	motif_alt_id	sequence_name	start	stop	strand	score	p-value	q-value	matched_sequence
H_NS_28-4		lac	71	98	+	37.9106	6.7e-14	1.87e-10	TGTTGTGTGGAATTGTGAGCGGATAACA
H_NS_28-4		gale	74	101	-	33.065	1.77e-11	2.48e-08	TATGGTATGAAATAACCATAGCATAACA
IHF_19-19		tdc	14	32	-	23.1	2.29e-10	5.8e-07	TTTAAATATCAACAAGTTA
H_NS_28-24		gale	66	93	-	24.6693	5.09e-09	1.33e-05	GAAATAACCATAGCATAACAAAGATGCG
CRP_25-12		malt	39	63	-	22.4348	1.49e-08	2.85e-05	TGAATTTGCACTGTGTCACAATTCC
CRP_25-152		tnaa	69	93	+	21.9231	2.36e-08	6.46e-05	ACGATTGTGATTCGATTCACATTTA
CRP_25-12		bglr1	75	99	+	21.5217	3.19e-08	2.85e-05	TAACTGTGAGCATGGTCATATTTTT
CRP_25-12		ara	54	78	+	21.5	3.24e-08	2.85e-05	ATTATTTGCACGGCGTCACACTTTG
H_NS_28-14		lac	32	59	+	22.0902	3.29e-08	8.79e-05	AGGCACCCCAGGCTTTACACTTTATGCT
CRP_25-83		deop2	5	29	+	20.8313	4.55e-08	0.000113	AATTATTTGAACCAGATCGCATTAC
GalS_18-1		gale	26	43	-	21.5596	5.5e-08	0.000173	TAGTGGAATCGTTTACAC
GalR_18-0		gale	26	43	-	21.5596	5.5e-08	0.000173	TAGTGGAATCGTTTACAC
CRP_25-12		ilv	38	62	+	20.7065	6.07e-08	3.5e-05	AAAACGTGATCAACCCCTCAATTTT
CRP_25-12		cya	48	72	-	20.587	6.65e-08	3.5e-05	AAAACGTGATCAATTTAACACCTTG
CRP_25-18		crp	62	86	-	20.3483	6.74e-08	0.000185	GGTAATGTGACGTCCTTTGCATACA
Nac_16-4		malt	62	77	+	17.8929	1.06e-07	0.000284	CAGACACATAAAAAAA
H_NS_28-19		gale	40	67	+	20.125	1.16e-07	0.000255	ACTAATTTATTCCATGTCACACTTTTCG
CRP_25-83		malk	59	83	+	19.6145	1.24e-07	0.000154	AATTTCGTGATGTTGCTTGCAAAAA
CytR_24-5		deop2	38	61	-	20.1441	1.28e-07	0.000355	TTAAGGAAATCTACTTACAAGTTT
CRP_25-152		tdc	76	100	+	19.6703	1.35e-07	0.000185	TAATTTGTGAGTGGTCGCACATATC
AraC_19-9		ara	33	51	+	19.1964	1.91e-07	0.000438	ACGGCAGAAAAGTCCACAT
CRP_25-83		male	12	36	+	18.7108	2.49e-07	0.000194	AATTCTGTAACAGAGATCACACAAA
CRP_25-83		lac	8	32	-	18.4096	3.12e-07	0.000194	TAATGAGTGAGCTAACTCACATTAA
AraC_19-9		ara	86	104	+	18.6429	3.18e-07	0.000438	ATAGCATTTTTATCCATAA
H_NS_28-19		lac	7	34	-	18.5982	3.26e-07	0.000357	CCTAATGAGTGAGCTAACTCACATTAAT
CRP_25-83		ce1cg	59	83	+	17.4699	6.15e-07	0.000306	GTTTTTTTGATCGTTTTCACAAAAA
CRP_25-152		deop2	58	82	+	17.022	7.96e-07	0.000726	TTAATTGTGATGTGTATCGAAGTGT
CRP_25-12		gale	41	65	+	16.9022	8.59e-07	0.000377	CTAATTTATTCCATGTCACACTTTT
CRP_25-18		ilv	37	61	+	16.618	1.31e-06	0.0018	CAAAACGTGATCAACCCCTCAATTT
IHF_19-22		malt	59	77	+	16.3627	1.34e-06	0.00365	ATTCAGACACATAAAAAAA
CRP_25-83		ce1cg	60	84	-	15.2892	2.63e-06	0.00109	ATTTTTGTGAAAACGATCAAAAAAA
XylR_17-3		malt	69	85	-	14.252	3.08e-06	0.00845	CGATGACGTTTTTTTAT
CRP_25-18		cya	49	73	-	14.9101	3.93e-06	0.00339	TAAAACGTGATCAATTTAACACCTT
AraC_19-9		ara	12	30	+	15.1429	4.02e-06	0.00369	GTAACAAAAGTGTCTATAA
UxuR_14-2		uxu1	27	40	-	11.4357	4.14e-06	0.0128	AATTGGGTTAACCA
FNR_17-9		ce1cg	60	76	-	14.9703	4.39e-06	0.0123	GAAAACGATCAAAAAAA
CRP_25-18		bglr1	75	99	-	14.5281	4.94e-06	0.00339	AAAAATATGACCATGCTCACAGTTA
CRP_25-83		ompa	47	71	-	14.2169	5.07e-06	0.0018	ACAAGTGTGAACTCCGTCAGGCATA
CRP_25-152		lac	8	32	-	13.3516	6.35e-06	0.00434	TAATGAGTGAGCTAACTCACATTAA
CRP_25-18		malt	39	63	+	13.9775	6.79e-06	0.00373	GGAATTGTGACACAGTGCAAATTCA
CRP_25-83		uxu1	16	40	-	13.6265	7.17e-06	0.00223	AATTGGGTTAACCACATCACAACAA
LacI_24-0		lac	74	97	+	5.48571	7.19e-06	0.0212	TGTGTGGAATTGTGAGCGGATAAC
CRP_25-83		cya	48	72	+	13.3976	8.18e-06	0.00226	CAAGGTGTTAAATTGATCACGTTTT
Fis_26-108		malk	59	84	+	12.85	8.22e-06	0.0229	AATTTCGTGATGTTGCTTGCAAAAAT
CRP_25-22		malk	34	58	+	13.4804	1.03e-05	0.0243	TGAACTAAACCGAGGTCATGTAAGG
MalT_9-2		malk	12	20	-	14.1939	1.1e-05	0.0383	CTCATCCTC
CRP_25-83		male	13	37	-	12.8675	1.1e-05	0.00275	CTTTGTGTGATCTCTGTTACAGAAT
CRP_25-18		tnaa	70	94	-	13.0449	1.13e-05	0.00519	TTAAATGTGAATCGAATCACAATCG
ArcA_28-0		bglr1	56	83	-	12.7957	1.22e-05	0.0191	TCACAGTTATTAACTTTGTGTAATTTTA
H_NS_28-19		tdc	13	40	-	11.3304	1.23e-05	0.009	TAAATACCTTTAAATATCAACAAGTTAA
FNR_17-53		ilv	15	31	-	13.4821	1.49e-05	0.0262	AATTGCAGATAACAAAA
CRP_25-83		tnaa	69	93	+	12.3012	1.51e-05	0.00331	ACGATTGTGATTCGATTCACATTTA
PhoB_27-11		trn9cat	56	82	-	4.42276	1.53e-05	0.0436	CGCCAAAAGTTGGCCCAGGGCTTCCCG
IHF_19-3		bglr1	53	71	+	12.4732	1.56e-05	0.043	TCCTAAAATTACACAAAGT
CRP_25-83		lac	7	31	+	12.1928	1.6e-05	0.00331	ATTAATGTGAGTTAGCTCACTCATT
XylR_17-3		deop2	48	64	-	11.1301	1.62e-05	0.0223	CAATTAAGGAAATCTAC
Mlc_26-2		tnaa	24	49	+	1.68807	1.79e-05	0.0437	CGTAATTTATAATCTTTAAAAAAAGC
FNR_17-53		deop2	24	40	+	13.1875	1.8e-05	0.0262	CATTACAGTGATGCAAA
IHF_19-22		ce1cg	64	82	+	12.8922	1.81e-05	0.0246	TTTGATCGTTTTCACAAAA
DnaA_10-1		malt	24	33	-	12.7982	2.11e-05	0.0662	TTTATTAACA
H_NS_28-19		malt	56	83	+	9.97321	2.12e-05	0.0116	CAAATTCAGACACATAAAAAAACGTCAT
FNR_17-9		gale	86	102	-	12.8911	2.19e-05	0.0307	TTATGGTATGAAATAAC
PhoP_18-1		ompa	16	33	+	12.297	2.28e-05	0.0647	TAAACATACCTTATACAA
Lrp_17-44		bglr1	70	86	+	12.1982	2.32e-05	0.0685	GTTAATAACTGTGAGCA
PurR_17-3		malt	76	92	-	10	2.43e-05	0.0749	ATGCAAGCGATGACGTT
ArcA_28-0		tdc	15	42	+	11.4731	2.46e-05	0.0191	AACTTGTTGATATTTAAAGGTATTTAAT
GlpR_20-5		ce1cg	62	81	+	11.7143	2.47e-05	0.0371	TTTTTGATCGTTTTCACAAA
ArgR_26-5		lac	2	27	+	8.91837	2.54e-05	0.0598	ACGCAATTAATGTGAGTTAGCTCACT
GlpR_20-5		tdc	77	96	+	11.6224	2.58e-05	0.0371	AATTTGTGAGTGGTCGCACA
Fis_26-83		tdc	31	56	+	7.76577	2.87e-05	0.0722	AAGGTATTTAATTGTAATAACGATAC
ArcA_28-0		tdc	23	50	-	11.1613	2.89e-05	0.0191	TTATTACAATTAAATACCTTTAAATATC
CRP_25-18		tdc	77	101	-	11.1685	2.9e-05	0.0114	GGATATGTGCGACCACTCACAAATT
Lrp_17-15		trn9cat	17	33	-	11.7426	3.01e-05	0.0786	TTATTTATTCTGCGAAG
Fis_26-32		pbr322	1	26	-	8.46465	3.47e-05	0.0932	GCTCTGATGCCGCATAGTTAAGCCAG
CytR_24-5		deop2	31	54	+	7.38739	3.56e-05	0.0333	GTGATGCAAACTTGTAAGTAGATT
CytR_24-5		trn9cat	65	88	+	7.36036	3.59e-05	0.0333	CTGGGCCAACTTTTGGCGAAAATG
Fis_26-104		ompa	48	73	+	8.50877	3.61e-05	0.0853	ATGCCTGACGGAGTTCACACTTGTAA
CRP_25-22		bglr1	39	63	+	11	3.83e-05	0.0452	ATAACTTTATAAATTCCTAAAATTA
GalS_18-1		uxu1	8	25	+	6.17431	4e-05	0.0632	GAGTGAAATTGTTGTGAT
GalR_18-0		uxu1	8	25	+	6.17431	4e-05	0.0632	GAGTGAAATTGTTGTGAT
GadE_19-3		bglr1	23	41	+	5.85039	4.02e-05	0.0677	TTGGGATTTGTTATATATA
OxyR_24-2		gale	33	56	+	7.40541	4.28e-05	0.0691	CGATTCCACTAATTTATTCCATGT
SoxS_19-4		ara	33	51	-	11.4388	4.31e-05	0.12	ATGTGGACTTTTCTGCCGT
CRP_25-18		deop2	6	30	-	10.2584	4.39e-05	0.0151	TGTAATGCGATCTGGTTCAAATAAT
CRP_25-83		uxu1	15	39	+	10.2169	4.41e-05	0.00844	ATTGTTGTGATGTGGTTAACCCAAT
PurR_17-3		gale	25	41	-	8.20408	4.75e-05	0.0749	GTGGAATCGTTTACACA
H_NS_28-19		bglr1	38	65	+	7.67857	5.01e-05	0.0217	TATAACTTTATAAATTCCTAAAATTACA
CRP_25-83		tdc	77	101	-	9.91566	5.11e-05	0.00908	GGATATGTGCGACCACTCACAAATT
Lrp_17-50		lac	62	78	+	11.1802	5.47e-05	0.171	CGGCTCGTATGTTGTGT
GadE_19-3		tdc	14	32	+	4.67717	5.47e-05	0.0677	TAACTTGTTGATATTTAAA
OxyR_24-2		bglr1	17	40	-	6.63964	5.59e-05	0.0691	ATATATAACAAATCCCAATAATTA
DnaA_10-1		bglr1	69	78	-	9.57798	5.74e-05	0.0902	GTTATTAACT
CRP_25-18		bglr1	74	98	+	9.57303	5.9e-05	0.018	ATAACTGTGAGCATGGTCATATTTT
H_NS_28-4		ara	77	104	-	-4.88618	5.93e-05	0.0552	TTATGGATAAAAATGCTATGGCATAGCA
H_NS_28-19		cya	46	73	-	7.19643	5.94e-05	0.0217	TAAAACGTGATCAATTTAACACCTTGCT
CRP_25-83		ara	53	77	+	9.54217	6.11e-05	0.0101	GATTATTTGCACGGCGTCACACTTT
Lrp_17-26		uxu1	42	58	-	11.1532	6.12e-05	0.185	ATGTCAATCCCGAATTC
MarA_19-11		ara	33	51	+	11.0714	6.21e-05	0.181	ACGGCAGAAAAGTCCACAT
OmpR_17-11		tnaa	1	17	-	11.2376	6.22e-05	0.157	TTTTAATGTTTAAAAAA
CRP_25-152		tnaa	70	94	-	8.34066	6.28e-05	0.0344	TTAAATGTGAATCGAATCACAATCG
TyrR_19-5		pbr322	75	93	-	9.38776	6.41e-05	0.177	CGGTATTTTCTCCTTACGC
IHF_19-3		tdc	31	49	-	9.28571	6.51e-05	0.0898	TATTACAATTAAATACCTT
CRP_25-83		bglr1	74	98	+	9.37349	6.61e-05	0.0103	ATAACTGTGAGCATGGTCATATTTT
DcuR_25-2		deop2	37	61	-	-4.13571	6.7e-05	0.158	TTAAGGAAATCTACTTACAAGTTTG
CRP_25-18		lac	7	31	+	9.26966	6.71e-05	0.0184	ATTAATGTGAGTTAGCTCACTCATT
PhoB_27-12		ce1cg	62	88	+	4.47321	7.06e-05	0.15	TTTTTGATCGTTTTCACAAAAATGGAA
ModE_28-3		tdc	13	40	-	0.677165	7.09e-05	0.167	TAAATACCTTTAAATATCAACAAGTTAA
CRP_25-81		ilv	21	45	-	7.69725	7.19e-05	0.18	CACGTTTTGTACTGAATTGCAGATA
IHF_19-19		bglr1	55	73	+	10.3	7.22e-05	0.0914	CTAAAATTACACAAAGTTA
Fis_26-104		bglr1	53	78	-	6.5614	7.38e-05	0.0873	GTTATTAACTTTGTGTAATTTTAGGA
Fis_26-109		malt	11	36	+	3.74107	7.52e-05	0.191	GTTTTAGGTGAGTTGTTAATAAAGAT
GadE_19-3		tnaa	4	22	-	3.40157	7.7e-05	0.0677	AAGAATTTTAATGTTTAAA
CRP_25-12		malt	71	95	-	8.05435	7.77e-05	0.0292	CTAATGCAAGCGATGACGTTTTTTT
GalS_18-1		gale	24	41	+	4.09174	8.06e-05	0.0848	TTGTGTAAACGATTCCAC
GalR_18-0		gale	24	41	+	4.09174	8.06e-05	0.0848	TTGTGTAAACGATTCCAC
NtrC_20-7		deop2	6	25	+	1.02857	8.17e-05	0.252	ATTATTTGAACCAGATCGCA
PhoP_18-1		gale	6	23	+	9.52475	8.43e-05	0.12	TAAAAAACGGCTAAATTC
FNR_17-11		deop2	64	80	-	9.05618	8.67e-05	0.144	ACTTCGATACACATCAC
CRP_25-12		tdc	77	101	+	7.70652	8.95e-05	0.0295	AATTTGTGAGTGGTCGCACATATCC
PurR_17-3		gale	26	42	+	6.38776	9.04e-05	0.095	GTGTAAACGATTCCACT
DnaA_10-1		ara	94	103	+	8.97248	9.31e-05	0.0974	TTTATCCATA
CRP_25-152		crp	61	85	+	7.2967	9.51e-05	0.0434	ATGTATGCAAAGGACGTCACATTAC
Rob_23-2		ce1cg	55	77	-	6.59016	9.58e-05	0.283	TGAAAACGATCAAAAAAACAGTC
XylR_17-3		malt	29	45	-	6.14634	9.63e-05	0.0677	CAATTCCAAATCTTTAT
UlaR_19-2		tnaa	83	101	+	2.90244	9.68e-05	0.266	ATTCACATTTAAACAATTT
CRP_25-83		gale	40	64	+	8.51807	9.81e-05	0.0144	ACTAATTTATTCCATGTCACACTTT
FNR_17-11		lac	10	26	+	8.74157	9.86e-05	0.144	AATGTGAGTTAGCTCAC
XylR_17-3		gale	33	49	+	6.03252	9.87e-05	0.0677	CGATTCCACTAATTTAT
PhoB_27-11		trn9cat	79	105	+	-1.80488	9.93e-05	0.141	GGCGAAAATGAGACGTTGATCGGCACG

# FIMO (Find Individual Motif Occurrences): Version 5.5.5 compiled on Mar  6 2024 at 12:32:51
# The format of this file is described at https://meme-suite.org/meme/doc/fimo-output-format.html#tsv_results.
# fimo --oc /media/sf_school/Bio-Toolbox/app_prototype/User_output --verbosity 2 --bgfile --nrdb-- --thresh 0.0001 /media/sf_school/Bio-Toolbox/app_prototype/Motif_databases/SwissRegulon_e_coli.meme /media/sf_school/Bio-Toolbox/app_prototype/meme_sample_sequences.fasta
